temperature,ang_rate_x,ang_rate_y,ang_rate_z,temperature_1,ang_rate_x_1,ang_rate_y_1,ang_rate_z_1
5168, 44, -150, 49, 4960, -236, -143, -48
5232, 47, -183, 40, 5024, -253, -121, -65
5232, 67, -175, 53, 4880, -235, -120, -56
5168, 71, -179, 54, 4960, -215, -118, -66
5184, 69, -168, 45, 4896, -244, -130, -73
5200, 55, -156, 48, 4896, -217, -147, -59
5104, 53, -170, 38, 4992, -226, -136, -78
5136, 61, -166, 48, 4992, -248, -115, -30
5120, 49, -201, 27, 5008, -235, -101, -82
5200, 51, -177, 39, 4896, -230, -133, -50
5184, 55, -177, 56, 4944, -240, -132, -53
5200, 61, -194, 47, 4896, -249, -114, -54
5120, 53, -169, 46, 4960, -222, -140, -67
5136, 32, -178, 38, 4880, -239, -171, -68
5184, 55, -186, 43, 4960, -235, -136, -63
5200, 67, -199, 59, 4992, -208, -117, -55
5168, 45, -183, 42, 5008, -247, -138, -49
5168, 58, -177, 63, 4928, -240, -143, -69
5184, 73, -165, 35, 5008, -245, -137, -73
5120, 39, -178, 53, 4928, -247, -146, -50
5136, 62, -177, 55, 4992, -242, -158, -69
5184, 45, -171, 61, 4896, -218, -139, -68
5168, 47, -196, 56, 4992, -245, -125, -47
5184, 54, -191, 62, 4992, -234, -140, -59
5136, 81, -170, 63, 4880, -232, -150, -48
5280, 32, -177, 40, 4992, -215, -113, -63
5200, 37, -180, 75, 4928, -209, -144, -53
5168, 28, -172, 69, 4960, -242, -126, -19
5232, 121, -155, 1136, 5008, -184, -83, 1206
5200, 27, -163, 1576, 4880, -242, -142, 1378
5168, -17, -175, 981, 4960, -224, -117, 776
5056, 78, -241, 269, 5056, -185, -103, 68
5184, 82, -197, 140, 4928, -243, -136, 21
5136, 51, -178, 91, 4880, -247, -134, -32
5200, 47, -159, 69, 4928, -259, -154, -52
5184, 78, -182, 45, 4960, -200, -96, -65
5232, 76, -197, 83, 4960, -243, -100, -42
5184, 77, -181, 134, 4928, -223, -117, 26
5184, 88, -165, 144, 4896, -238, -95, 42
5184, 36, -149, 117, 4928, -226, -161, 23
5200, 81, -176, 79, 4960, -211, -113, -28
5248, 42, -178, 66, 4832, -222, -133, -4
5184, 62, -230, 147, 4880, -189, -78, 42
5200, 234, -374, 253, 4960, -13, 84, 149
5168, 429, -553, 348, 4896, 177, 225, 258
5184, 558, -719, 474, 4880, 274, 382, 391
5232, -63, -283, 392, 4928, -229, -50, 265
5200, 121, -295, 480, 4944, -105, -54, 411
5200, 57, -235, 565, 4896, -208, -117, 447
5248, 39, -254, 606, 4944, -171, -103, 502
5232, 106, -246, 660, 4928, -172, -117, 554
5200, 59, -249, 677, 5056, -164, -78, 551
5184, 64, -239, 691, 4960, -168, -102, 594
5168, 52, -258, 737, 4944, -151, -88, 642
5184, 81, -269, 748, 4992, -121, -91, 627
5168, 65, -237, 766, 4944, -181, -70, 707
5168, 99, -273, 857, 5008, -170, -101, 747
5232, 70, -275, 882, 4960, -155, -94, 766
5168, 131, -191, 864, 5056, -239, 19, 809
5168, 431, -150, 935, 5008, -282, 312, 827
5168, 724, -115, 983, 4880, -294, 603, 862
5120, 955, -147, 1018, 4992, -274, 831, 912
5136, 1240, -108, 1049, 4928, -264, 1100, 954
5232, 1528, -138, 1050, 4896, -270, 1410, 979
5280, 1806, -190, 1144, 4896, -219, 1679, 1087
5232, 1990, -180, 1218, 4944, -222, 1864, 1121
5168, 2139, -182, 1095, 4880, -227, 1967, 982
5200, 2379, -150, 940, 4960, -249, 2204, 822
5232, 2597, -130, 960, 4848, -255, 2453, 872
5184, 2861, -186, 1020, 4992, -183, 2715, 928
5120, 3157, -382, 1110, 4832, 85, 3008, 1057
5200, 3416, -728, 1172, 4928, 346, 3235, 1082
5184, 3518, -961, 1145, 4944, 607, 3355, 1037
5184, 3622, -1091, 1158, 5008, 739, 3453, 1045
5184, 3657, -1292, 1079, 5008, 918, 3471, 979
5120, 3710, -1342, 950, 4928, 927, 3506, 841
5168, 3796, -1212, 901, 4928, 796, 3611, 795
5200, 3920, -974, 852, 5024, 535, 3785, 733
5104, 4105, -742, 732, 4896, 387, 3960, 613
5200, 4168, -663, 581, 4944, 253, 4003, 460
5200, 4210, -578, 450, 4896, 161, 4066, 363
5200, 4265, -454, 383, 4880, 51, 4127, 284
5200, 4276, -368, 243, 5008, -3, 4052, 134
5184, 4107, -251, 155, 4944, -110, 3916, 37
5200, 3891, -330, 137, 4928, -83, 3659, 34
5136, 3760, -309, 131, 4928, -47, 3569, 34
5168, 3621, -378, 149, 4992, -6, 3451, 69
5184, 3564, -492, 254, 4928, 165, 3343, 172
5184, 3494, -598, 326, 4960, 210, 3314, 228
5168, 3698, -570, 379, 4944, 176, 3512, 284
5168, 3868, -531, 385, 4960, 125, 3723, 290
5168, 4015, -429, 360, 4992, 50, 3826, 280
5200, 4080, -330, 467, 4960, -63, 3920, 420
5232, 4095, -295, 503, 4944, -67, 3903, 397
5200, 3995, -469, 314, 4928, 112, 3764, 203
5168, 3871, -595, 210, 4928, 206, 3675, 114
5232, 3848, -597, 108, 4880, 209, 3669, 38
5168, 3992, -573, 110, 4896, 178, 3794, 12
5104, 4143, -501, 124, 4928, 82, 4038, 46
5200, 4422, -378, 151, 5104, 10, 4294, 56
5168, 4611, -362, 151, 4960, -49, 4458, 54
5168, 4767, -283, 226, 4960, -105, 4610, 138
5168, 4883, -187, 161, 5008, -205, 4716, 72
5168, 4900, -65, 67, 4928, -364, 4743, -26
5200, 4841, 88, 4, 4928, -475, 4641, -81
5232, 4787, 269, -40, 4944, -639, 4563, -161
5232, 4806, 324, -101, 4992, -736, 4641, -178
5136, 5036, 531, 31, 4928, -931, 4988, -53
5200, 5347, 680, 164, 5008, -1101, 5180, 67
5168, 5586, 706, 140, 4896, -1081, 5471, 20
5136, 5947, 656, 1, 4960, -1024, 5819, -84
5136, 6443, 698, -1, 4928, -1074, 6367, -89
5232, 6929, 749, -6, 4992, -1172, 6858, -107
5184, 7316, 772, -59, 4944, -1148, 7234, -179
5136, 7662, 778, -161, 4960, -1146, 7497, -293
5232, 7746, 711, -208, 4896, -1044, 7578, -276
5232, 7539, 511, -117, 4960, -848, 7314, -172
5184, 7140, 273, -22, 4928, -605, 6869, -124
5168, 6718, 79, -75, 4928, -472, 6502, -166
5184, 6546, 126, -106, 4960, -502, 6300, -214
5200, 6514, 287, -150, 5024, -650, 6377, -281
5200, 6688, 496, -205, 4960, -901, 6549, -283
5168, 7030, 821, -228, 4880, -1296, 6917, -306
5184, 7416, 1106, -212, 4928, -1546, 7271, -271
5136, 7649, 1271, -48, 4928, -1588, 7455, -145
5184, 7531, 1119, 141, 4928, -1455, 7298, 80
5184, 7189, 800, 271, 4928, -1113, 6912, 173
5184, 6292, -162, 209, 4928, -487, 6086, 163
5104, 6091, -188, 246, 4880, -143, 5858, 137
5184, 5967, -407, 205, 4992, 49, 5788, 92
5184, 5959, -486, 143, 4832, 102, 5789, 79
5104, 6007, -492, 91, 5008, 99, 5846, -5
5136, 6078, -441, 32, 5008, 87, 5928, -37
5136, 6228, -274, -33, 4880, -141, 6074, -142
5168, 6423, 8, -110, 4896, -431, 6254, -218
5168, 6416, 173, -89, 5008, -582, 6228, -203
5184, 6272, 136, -164, 5056, -547, 6054, -222
5232, 6098, 127, -162, 4896, -482, 5862, -221
5136, 5769, 120, -44, 5024, -523, 5542, -129
5168, 5383, 139, -37, 4992, -463, 5127, -122
5168, 4907, 51, -6, 5008, -410, 4683, -93
5120, 4563, -40, 13, 4928, -322, 4334, -115
5120, 4315, -24, -17, 4928, -390, 4084, -118
5184, 3960, -145, -67, 4944, -238, 3795, -162
5168, 4053, -276, -208, 4944, -101, 3820, -298
5136, 4314, -261, -323, 4944, -75, 4119, -455
5184, 4664, -291, -463, 5008, -50, 4598, -546
5168, 5133, -317, -534, 4960, -8, 5012, -630
5072, 5466, -452, -616, 4960, 67, 5347, -698
5200, 5750, -376, -602, 4928, 17, 5540, -674
5168, 5839, -360, -565, 4896, 2, 5715, -670
5104, 5916, -380, -614, 4960, -11, 5750, -687
5104, 5997, -405, -621, 5056, 31, 5813, -742
5136, 5955, -481, -658, 4944, 100, 5797, -760
5136, 6070, -456, -737, 4928, 117, 5815, -818
5184, 6068, -378, -741, 4960, -2, 5922, -812
5184, 6122, -386, -728, 4992, -6, 5937, -826
5184, 6069, -471, -791, 5008, 109, 5931, -870
5184, 5907, -595, -839, 5008, 188, 5666, -935
5232, 5628, -580, -843, 4928, 242, 5365, -908
5136, 5269, -523, -769, 4928, 223, 5072, -866
5200, 4922, -474, -687, 4992, 100, 4730, -762
5232, 4703, -373, -614, 4880, 64, 4545, -695
5232, 4745, -401, -487, 4896, 23, 4539, -570
5200, 5046, -301, -393, 4944, -57, 4866, -480
5200, 5397, -351, -305, 4928, -65, 5402, -406
5136, 5874, -246, -322, 4928, -52, 5696, -415
5200, 6136, -171, -263, 4928, -190, 5907, -325
5232, 6162, -217, -197, 4960, -172, 6025, -252
5168, 6063, -252, -215, 5008, -123, 5851, -320
5120, 5821, -391, -214, 4896, 112, 5550, -296
5184, 5503, -889, -233, 4928, 569, 5277, -335
5200, 5362, -1028, -273, 4880, 672, 5195, -358
5200, 5553, -862, -285, 4848, 463, 5401, -385
5168, 5866, -727, -350, 4960, 333, 5698, -491
5168, 6123, -814, -451, 4992, 489, 5930, -565
5184, 6331, -1028, -537, 4928, 716, 6143, -639
5200, 6425, -1242, -623, 4944, 909, 6260, -721
5200, 6543, -1365, -743, 4928, 1021, 6346, -831
5184, 6571, -1381, -719, 4880, 1004, 6374, -794
5200, 6440, -1330, -659, 4960, 904, 6189, -720
5168, 6195, -1320, -518, 5008, 980, 5924, -620
5184, 5906, -1334, -456, 4944, 936, 5716, -544
5184, 6012, -1229, -429, 5008, 847, 5893, -481
5232, 6399, -1135, -365, 4896, 786, 6272, -464
5120, 6810, -1180, -471, 4928, 854, 6681, -543
5168, 7005, -1289, -561, 4880, 901, 6825, -682
5232, 7134, -1169, -695, 5024, 776, 7006, -805
5184, 7426, -1003, -772, 4880, 649, 7291, -871
5184, 7608, -949, -841, 5008, 601, 7395, -928
5136, 7521, -862, -884, 4928, 490, 7328, -955
5200, 7720, -632, -889, 4928, 242, 7544, -956
5168, 7729, -452, -751, 4928, 76, 7527, -803
5200, 7538, -298, -659, 4960, -92, 7304, -712
5136, 7249, -120, -512, 4944, -242, 7031, -567
5184, 7052, -149, -325, 4880, -207, 6801, -396
5136, 6850, -317, -264, 5008, -22, 6591, -325
5168, 6601, -411, -211, 4896, 22, 6408, -301
5168, 6466, -429, -262, 4944, 42, 6278, -371
5184, 6578, -449, -345, 4992, 91, 6398, -417
5168, 6757, -458, -318, 4880, 73, 6612, -418
5184, 6948, -465, -341, 4944, 87, 6809, -449
5168, 7274, -501, -348, 5008, 158, 7155, -432
5232, 7761, -470, -327, 5008, 111, 7635, -440
5104, 8173, -530, -402, 4896, 183, 8068, -504
5200, 8637, -571, -466, 4928, 205, 8561, -582
5168, 9104, -474, -547, 4944, 122, 8978, -645
5104, 9562, -380, -634, 4960, 28, 9423, -707
5168, 10008, -367, -630, 4928, 28, 9891, -731
5200, 10546, -513, -666, 4928, 155, 10455, -742
5200, 11124, -420, -680, 4832, 76, 10970, -765
5120, 11248, -367, -742, 4896, -13, 11056, -833
5136, 10781, -172, -729, 4928, -204, 10476, -806
5168, 10138, 8, -692, 4928, -354, 9887, -764
5168, 9876, -263, -768, 4944, -12, 9722, -860
5200, 9978, -731, -842, 5008, 395, 9824, -926
5184, 9943, -787, -936, 4992, 408, 9714, -1043
5136, 9977, -588, -1067, 4928, 187, 9799, -1157
5120, 10075, -326, -1088, 4928, -103, 9929, -1185
5072, 10117, -46, -1059, 5008, -362, 9955, -1125
5184, 10150, 289, -1029, 4928, -731, 9965, -1119
5168, 10142, 626, -992, 5008, -1013, 9959, -1068
5168, 10017, 718, -877, 4896, -1038, 9769, -970
5200, 10011, 522, -870, 4944, -851, 9882, -932
5168, 10221, 307, -820, 5024, -614, 10002, -912
5168, 10151, 83, -809, 4928, -427, 9923, -908
5184, 9857, 17, -797, 4928, -333, 9609, -899
5184, 9718, -163, -841, 4928, -170, 9498, -922
5136, 9642, -280, -873, 4928, -71, 9399, -943
5200, 9201, -307, -843, 4928, -37, 8911, -939
5232, 8750, -208, -865, 4960, -181, 8530, -936
5120, 8657, 41, -871, 4928, -460, 8488, -978
5136, 8668, 391, -789, 4944, -805, 8462, -847
5120, 8353, 620, -685, 4928, -1008, 8085, -785
5120, 7771, 581, -676, 4928, -901, 7509, -764
5200, 7331, 495, -691, 5008, -837, 7097, -789
5184, 7049, 177, -598, 4944, -530, 6829, -656
5168, 6658, 75, -332, 4928, -431, 6415, -421
5200, 6435, 137, -185, 4944, -538, 6250, -255
5200, 6492, 236, -152, 5056, -621, 6336, -280
5168, 6638, 208, -141, 4928, -582, 6476, -253
5168, 6645, 152, -144, 4928, -526, 6414, -241
5184, 6352, 152, -98, 5008, -526, 6065, -189
5200, 5737, 153, 15, 5008, -543, 5427, -55
5200, 5004, 175, 168, 4944, -523, 4703, 82
5120, 4421, 58, 430, 5008, -466, 4126, 347
5136, 3885, 133, 540, 5008, -548, 3688, 438
5168, 3898, 175, 487, 4784, -572, 3792, 362
5136, 4405, 88, 180, 5008, -453, 4317, 23
5184, 4947, -243, -92, 4960, -65, 4864, -186
5200, 5611, -594, -247, 4992, 250, 5567, -377
5184, 6484, -820, -424, 4928, 476, 6398, -524
5136, 7125, -964, -479, 4928, 594, 6980, -603
5184, 7254, -958, -531, 4928, 550, 7053, -597
5168, 7099, -776, -490, 4896, 398, 6881, -555
5200, 6891, -535, -338, 4960, 107, 6655, -398
5136, 6564, -380, -210, 4960, -47, 6274, -324
5200, 5953, -323, -265, 4848, -11, 5673, -382
5136, 5491, -582, -287, 4960, 221, 5258, -366
5120, 5201, -494, -182, 4880, 69, 4991, -271
5104, 5068, -322, -104, 4896, -115, 4923, -191
5200, 5544, -129, -8, 4944, -277, 5496, -112
5120, 6193, 5, -83, 4928, -374, 6024, -171
5200, 6406, -40, -155, 5008, -304, 6207, -268
5168, 6505, -270, -196, 5008, -60, 6389, -276
5168, 7058, -283, -41, 4992, -81, 6912, -132
5200, 7257, -252, -108, 4960, -97, 7136, -206
5120, 7823, -491, -5, 4992, 118, 7750, -96
5200, 8913, -285, 55, 4944, -177, 8896, -4
5072, 9918, 206, 196, 4896, -641, 9835, 123
5248, 10413, 271, 245, 4944, -594, 10267, 183
5168, 10567, -69, 513, 5008, -281, 10322, 454
5200, 9978, -67, 742, 5008, -339, 9600, 667
5104, 8686, 199, 841, 4880, -645, 8263, 770
5184, 7621, 924, 928, 5056, -1420, 7309, 810
5072, 6749, 1722, 660, 5008, -2240, 6443, 503
5136, 6138, 2239, 322, 4928, -2652, 5896, 199
5136, 6128, 2301, 111, 5056, -2677, 6025, -5
5184, 6904, 2270, -121, 5024, -2644, 6937, -215
5136, 8696, 2309, -121, 5008, -2694, 8904, -190
5168, 11112, 2253, 233, 5008, -2562, 11294, 282
5200, 13570, 1807, 1129, 4944, -2049, 13764, 1164
5184, 16358, 1051, 2008, 5008, -1273, 16548, 2073
5184, 17987, 775, 2335, 5008, -1028, 17896, 2304
5232, 17996, 680, 2125, 4992, -959, 17649, 1982
5168, 17041, 466, 1892, 4880, -751, 16594, 1771
5184, 15196, 368, 1639, 4832, -687, 14631, 1558
5136, 12908, 78, 1682, 4992, -418, 12443, 1629
5184, 10751, 239, 1663, 4944, -705, 10229, 1544
5200, 8688, 953, 1385, 4928, -1446, 8224, 1232
5200, 7527, 2010, 1172, 4928, -2553, 7321, 1039
5200, 7471, 2841, 958, 4960, -3316, 7312, 825
5200, 7957, 3344, 910, 4896, -3773, 7922, 830
5232, 9064, 3650, 1102, 4944, -3996, 9063, 1047
5184, 10374, 3534, 1350, 4928, -3861, 10423, 1307
5232, 11992, 3430, 1728, 5008, -3737, 11993, 1670
5168, 13190, 2906, 2132, 4992, -3143, 13166, 2142
5168, 14236, 2254, 2704, 4928, -2501, 14181, 2646
5232, 14684, 1897, 2939, 5008, -2246, 14460, 2868
5200, 14096, 1660, 3123, 4928, -1965, 13722, 3056
5168, 12815, 1440, 3120, 5008, -1807, 12353, 2990
5280, 10856, 1212, 2939, 4848, -1567, 10254, 2831
5136, 8328, 1160, 2578, 4960, -1532, 7724, 2391
5184, 5609, 1239, 2061, 4928, -1674, 4995, 1846
5184, 3255, 1348, 1359, 4928, -1782, 2801, 1178
5200, 1686, 1518, 918, 4928, -1962, 1388, 757
5200, 1069, 1733, 609, 5008, -2158, 862, 427
5184, 1142, 1654, 405, 4928, -2054, 1030, 297
5168, 1740, 1466, 439, 4928, -1811, 1696, 362
5184, 2310, 1110, 514, 4944, -1441, 2138, 413
5120, 1998, 546, 496, 4992, -830, 1703, 380
5232, 1138, -183, 378, 4992, -130, 804, 251
5168, 313, -667, 217, 4960, 257, 56, 100
5232, -89, -609, 27, 4880, 128, -259, -94
5168, -398, -242, 11, 4928, -229, -644, -100
5280, -855, 40, -16, 4960, -507, -1092, -132
5200, -1099, 131, -142, 4896, -544, -1314, -284
5232, -1156, 27, -371, 4928, -429, -1330, -479
5200, -1197, -123, -509, 4944, -239, -1348, -637
5120, -1315, -204, -534, 4896, -233, -1533, -622
5200, -1463, -284, -483, 4928, -122, -1670, -580
5184, -1555, -443, -413, 4944, 33, -1761, -493
5248, -1650, -553, -321, 4960, 158, -1826, -398
5232, -1594, -594, -125, 4992, 202, -1764, -203
5200, -1586, -742, 53, 4928, 349, -1760, -42
5184, -1555, -930, -2, 4928, 523, -1752, -138
5232, -1557, -998, -120, 4928, 559, -1721, -247
5184, -1548, -916, -210, 4960, 434, -1737, -326
5168, -1506, -719, -227, 4896, 291, -1668, -318
5168, -1284, -416, -179, 4928, -38, -1435, -272
5168, -1073, -106, -151, 4960, -343, -1216, -285
5200, -1052, 222, -188, 5008, -679, -1228, -334
5200, -1097, 450, -210, 4880, -896, -1310, -304
5136, -1123, 517, -169, 4960, -919, -1276, -299
5136, -1025, 376, -256, 4944, -742, -1222, -398
5120, -936, 98, -323, 5008, -478, -1118, -461
5168, -816, -66, -272, 4896, -327, -959, -360
5184, -678, -164, -174, 5008, -248, -808, -260
5168, -694, -187, -99, 4992, -236, -868, -175
5184, -689, -80, -42, 5008, -349, -903, -161
5200, -793, 12, 41, 4944, -441, -962, -46
5168, -948, 113, 48, 4960, -556, -1187, -73
5280, -1235, 216, 32, 5008, -639, -1486, -126
5120, -1669, 149, -55, 4944, -538, -1942, -188
5168, -1873, -110, -174, 4880, -258, -2042, -283
5184, -1680, -486, -196, 5008, 129, -1858, -312
5168, -1314, -835, -118, 4992, 441, -1444, -233
5184, -1085, -1014, -16, 4928, 598, -1274, -105
5136, -980, -1019, 81, 5024, 572, -1152, 15
5168, -909, -820, 208, 5024, 384, -1049, 105
5168, -900, -603, 254, 4992, 127, -1135, 123
5168, -1297, -294, 163, 5008, -164, -1550, 17
5200, -1736, -82, 23, 4960, -363, -1979, -123
5136, -1932, -77, -111, 4928, -322, -2142, -260
5184, -1907, -248, -136, 4896, -149, -2054, -258
5184, -1820, -377, -140, 4896, -19, -2004, -274
5200, -1880, -516, -218, 4992, 129, -2072, -363
5168, -2024, -657, -280, 4944, 214, -2263, -381
5120, -2237, -567, -217, 4928, 134, -2439, -354
5168, -2528, -422, -299, 4928, -39, -2779, -431
5200, -3011, -207, -451, 4992, -249, -3270, -578
5232, -3554, 67, -548, 5024, -542, -3767, -667
5168, -4025, 225, -669, 5008, -669, -4299, -824
5184, -4597, 336, -873, 4992, -788, -4827, -1036
5200, -4890, 367, -989, 5008, -802, -5063, -1104
5136, -4809, 374, -898, 5008, -798, -4952, -981
5200, -4683, 322, -737, 4928, -744, -4844, -858
5184, -4722, 46, -714, 4960, -423, -4898, -832
5200, -4756, -308, -715, 4896, -71, -4946, -841
5184, -4959, -648, -706, 5024, 237, -5205, -834
5168, -5422, -814, -764, 5056, 414, -5731, -923
5200, -6164, -884, -989, 4944, 428, -6471, -1160
5168, -7047, -824, -1239, 4992, 310, -7318, -1387
5232, -7712, -509, -1501, 5008, 12, -7940, -1652
5232, -8137, -58, -1746, 4880, -455, -8376, -1923
5168, -8553, 345, -1938, 4944, -872, -8755, -2101
5184, -8694, 719, -2057, 4928, -1236, -8821, -2214
5136, -8582, 1016, -2042, 4944, -1532, -8718, -2170
5168, -8431, 1109, -1988, 4992, -1559, -8514, -2098
5200, -8134, 926, -1844, 5008, -1358, -8263, -1956
5200, -8070, 578, -1673, 4944, -959, -8230, -1788
5232, -8328, -22, -1493, 5008, -288, -8621, -1602
5232, -8182, -212, -1296, 4928, -322, -8199, -1411
5184, -7639, -14, -1235, 4960, -459, -7809, -1326
5104, -7319, 381, -975, 4992, -945, -7360, -1104
5184, -6560, 702, -1068, 4928, -1119, -6639, -1224
5184, -6171, 266, -1059, 4960, -578, -6311, -1151
5232, -6029, -605, -1022, 4992, 311, -6168, -1149
5184, -6021, -1476, -1022, 4896, 1167, -6214, -1132
5200, -6151, -2170, -896, 4960, 1909, -6455, -974
5168, -7031, -3024, -697, 4928, 2590, -7305, -789
5136, -7392, -2877, -688, 4928, 2397, -7642, -815
5168, -8320, -2557, -703, 4928, 1992, -8650, -795
5200, -9142, -1547, -668, 4880, 899, -9448, -794
5200, -9984, -529, -863, 4880, -61, -10277, -1010
5168, -10718, 225, -918, 4928, -787, -10928, -1042
5136, -10885, 755, -920, 4960, -1224, -10972, -1081
5280, -10393, 971, -951, 5008, -1453, -10438, -1055
5200, -9535, 836, -791, 4960, -1268, -9582, -886
5200, -8881, 229, -530, 4944, -545, -9013, -621
5168, -8804, -667, -330, 4960, 353, -9017, -429
5168, -9199, -1444, -246, 5008, 1136, -9447, -365
5136, -9781, -2151, -219, 4928, 1769, -10036, -347
5184, -10161, -2513, -275, 4960, 2059, -10303, -415
5184, -9700, -2392, -446, 4944, 1868, -9738, -546
5232, -8535, -2005, -242, 4928, 1478, -8473, -311
5168, -7332, -1716, -79, 4928, 1254, -7398, -194
5200, -6893, -1740, -3, 4960, 1316, -7115, -94
5232, -7586, -2056, 132, 4928, 1668, -7901, 50
5232, -9452, -2661, 228, 5024, 2289, -10008, 161
5200, -11992, -3100, 399, 5008, 2597, -12535, 264
5168, -14074, -2713, 414, 4928, 2124, -14539, 285
5184, -15168, -1682, 387, 5056, 969, -15346, 229
5120, -14783, -104, 282, 5008, -622, -14784, 124
5200, -13349, 1006, 266, 4944, -1588, -13198, 90
5168, -11495, 1306, 14, 4944, -1782, -11410, -194
5184, -9948, 1076, -37, 4928, -1460, -9927, -149
5168, -8975, 397, 227, 5008, -716, -9068, 122
5136, -8778, -436, 279, 4992, 101, -9008, 157
5168, -9350, -1250, 279, 4944, 875, -9639, 181
5120, -9867, -1806, 390, 5056, 1367, -10056, 291
5168, -9853, -1791, 367, 4816, 1284, -9985, 248
5200, -9492, -1405, 320, 4928, 857, -9596, 219
5184, -9065, -827, 357, 5008, 294, -9167, 231
5232, -8672, -379, 345, 4928, -105, -8793, 230
5200, -8443, -197, 395, 4944, -287, -8599, 271
5200, -8520, -46, 545, 4928, -411, -8747, 430
5200, -9008, 18, 630, 5008, -446, -9247, 514
5200, -9580, -117, 599, 5024, -321, -9810, 475
5136, -10051, -238, 631, 4960, -176, -10276, 499
5136, -10284, -348, 602, 5024, -110, -10489, 471
5232, -10248, -447, 592, 5008, -5, -10407, 494
5232, -9978, -698, 608, 4896, 278, -10116, 472
5184, -9622, -1120, 603, 5008, 707, -9727, 468
5232, -9273, -1494, 536, 4928, 1070, -9404, 388
5232, -9072, -1742, 388, 4928, 1295, -9218, 232
5184, -8961, -1765, 336, 4944, 1341, -9124, 187
5104, -8739, -1900, 283, 5008, 1460, -8852, 209
5232, -8473, -2049, 396, 5056, 1626, -8602, 304
5184, -8372, -2058, 525, 4992, 1580, -8562, 438
5232, -8467, -1885, 706, 4880, 1397, -8666, 612
5232, -8671, -1573, 968, 5008, 1026, -8893, 903
5232, -9219, -1021, 1109, 4944, 473, -9458, 983
5280, -9822, -503, 1127, 4960, -65, -10087, 990
5200, -10368, -58, 929, 4896, -463, -10633, 781
5200, -10573, 61, 527, 4944, -520, -10696, 351
5120, -9945, -118, 223, 4960, -324, -9898, 47
5200, -8445, -435, 82, 5008, 58, -8313, -45
5200, -6472, -759, 222, 5008, 370, -6308, 141
5168, -4526, -969, 498, 5024, 565, -4437, 433
5200, -3195, -981, 747, 4928, 532, -3271, 665
5136, -2742, -822, 893, 4928, 363, -2937, 819
5168, -2984, -576, 1010, 5072, 112, -3259, 912
5232, -3767, -380, 959, 4992, -137, -4100, 843
5200, -5100, -121, 957, 4928, -358, -5579, 849
5120, -7037, 183, 990, 4960, -657, -7557, 845
5200, -9484, 323, 978, 4928, -767, -10057, 863
5232, -11611, 133, 870, 4944, -539, -11979, 731
5200, -12312, -231, 891, 5008, -164, -12438, 765
5248, -11747, -404, 1060, 4928, -95, -11697, 935
5168, -10408, -126, 1148, 4992, -354, -10371, 1052
5168, -8858, 98, 1237, 4928, -607, -8776, 1115
5200, -7561, 295, 1250, 4928, -760, -7636, 1133
5200, -6955, 299, 1229, 4896, -727, -7060, 1134
5184, -6911, -28, 1337, 4880, -368, -7156, 1242
5200, -7472, -465, 1510, 5008, 54, -7788, 1435
5168, -8901, -684, 1777, 5008, 223, -9396, 1659
5184, -11066, -782, 1688, 4944, 346, -11563, 1496
5120, -12719, -917, 1341, 5024, 422, -12998, 1169
5168, -13019, -1003, 1180, 4896, 517, -13086, 1062
5104, -11867, -1019, 1331, 4960, 547, -11769, 1271
5184, -9960, -943, 1765, 4928, 481, -9801, 1740
5280, -8166, -617, 2213, 4992, 61, -8128, 2148
5200, -7067, -132, 2392, 4944, -416, -7122, 2251
5136, -6523, 368, 2333, 4928, -877, -6698, 2213
5184, -6549, 646, 2043, 4896, -1138, -6795, 1858
5120, -7063, 796, 1620, 4880, -1308, -7346, 1410
5168, -7860, 757, 1243, 4960, -1289, -8114, 1049
5184, -8687, 580, 1061, 5008, -1016, -9038, 950
5168, -9896, 356, 1176, 4944, -827, -10246, 1088
5232, -11484, 180, 1373, 5056, -641, -11892, 1257
5232, -12993, -200, 1354, 4960, -208, -13307, 1200
5184, -13706, -767, 1205, 4928, 398, -13844, 1067
5168, -13286, -1183, 1223, 4896, 691, -13265, 1120
5184, -11904, -1018, 1460, 4928, 504, -11768, 1376
5200, -9866, -678, 1764, 4928, 190, -9694, 1667
5168, -7821, -608, 1908, 4944, 158, -7727, 1818
5232, -6545, -779, 1853, 5008, 365, -6626, 1710
5184, -6389, -1122, 1736, 4992, 744, -6658, 1608
5168, -7161, -1484, 1638, 5008, 1056, -7563, 1511
5232, -8531, -1738, 1687, 4960, 1289, -8920, 1600
5232, -10113, -1825, 1831, 4928, 1388, -10568, 1738
5200, -11739, -1811, 1820, 4992, 1299, -12151, 1686
5200, -12760, -1557, 1792, 4928, 1035, -13011, 1659
5248, -12996, -1153, 1720, 4992, 630, -13097, 1561
5200, -12173, -897, 1555, 4992, 377, -12121, 1426
5168, -10684, -731, 1510, 4960, 222, -10597, 1385
5200, -9212, -602, 1390, 4928, 126, -9173, 1270
5184, -8141, -635, 1365, 4928, 190, -8227, 1282
5136, -7845, -816, 1476, 4944, 407, -8058, 1362
5200, -8243, -1099, 1740, 4848, 691, -8565, 1647
5200, -9231, -1315, 2059, 4960, 885, -9643, 1984
5248, -10710, -1413, 2356, 4928, 941, -11063, 2284
5232, -11907, -1600, 2471, 4944, 1165, -12262, 2341
5168, -12901, -1746, 2383, 5008, 1259, -13169, 2207
5200, -13383, -1815, 2048, 4896, 1322, -13591, 1862
5200, -13369, -1856, 1737, 5024, 1364, -13458, 1561
5200, -12631, -1693, 1403, 4960, 1160, -12622, 1263
5168, -11554, -1418, 1163, 4960, 921, -11592, 1025
5168, -10788, -1275, 1151, 4880, 796, -10848, 1042
5248, -10444, -1438, 1169, 5024, 1039, -10555, 1055
5136, -10206, -1815, 1178, 4944, 1415, -10320, 1080
5136, -9761, -2067, 1299, 4960, 1633, -9851, 1218
5232, -9283, -2057, 1327, 4928, 1568, -9425, 1234
5200, -9091, -1910, 1299, 4944, 1430, -9273, 1215
5104, -9029, -1815, 1387, 4880, 1355, -9181, 1267
5232, -8938, -1814, 1391, 4960, 1397, -9072, 1267
5232, -8764, -1916, 1355, 4880, 1477, -8872, 1225
5232, -8292, -2012, 1225, 4928, 1561, -8328, 1099
5232, -7440, -2056, 1141, 5056, 1649, -7497, 1028
5232, -6522, -2291, 1059, 4928, 1874, -6539, 959
5232, -5636, -2765, 1014, 4896, 2399, -5676, 945
5232, -4872, -3315, 1040, 4928, 2948, -4983, 916
5232, -4584, -3649, 1000, 4928, 3235, -4739, 910
5168, -4599, -3645, 1042, 5008, 3162, -4809, 973
5104, -4794, -3284, 1136, 4928, 2765, -4975, 1065
5200, -5038, -2550, 1215, 5008, 2001, -5257, 1078
5104, -5275, -1678, 1006, 4928, 1110, -5426, 853
5200, -5211, -853, 802, 4944, 248, -5318, 661
5232, -4805, -74, 586, 4928, -417, -4861, 428
5184, -4049, 247, 365, 5024, -707, -4081, 241
5168, -3177, 352, 270, 4928, -776, -3228, 165
5232, -2461, 155, 224, 4848, -523, -2544, 116
5184, -2023, -38, 251, 4928, -317, -2180, 161
5232, -1922, -203, 402, 5008, -156, -2095, 316
5168, -2062, -427, 633, 5008, 35, -2268, 552
5280, -2317, -616, 846, 4992, 197, -2564, 758
5104, -2548, -739, 1054, 4896, 324, -2777, 992
5200, -2749, -818, 1266, 4992, 415, -2969, 1196
5200, -4673, 1756, 773, 4960, -2603, -4645, 719
5168, -5270, 2605, 1105, 4944, -3332, -5378, 1051
5168, -5386, 2753, 1088, 4960, -3251, -5567, 898
5200, -5296, 2670, 713, 5008, -3123, -5450, 505
5200, -4946, 2599, 397, 4992, -3207, -5181, 337
5136, -4392, 2618, 532, 4944, -3254, -4293, 296
5168, -3081, 2264, -55, 4928, -2576, -3092, -210
5200, -2191, 1893, -88, 4896, -2271, -2231, -133
5184, -1480, 1630, 139, 4896, -1996, -1512, 9
5120, -1015, 1359, 94, 4896, -1744, -1148, 2
5184, -746, 1300, 160, 4896, -1725, -903, 72
5168, -742, 1370, 140, 4896, -1775, -934, 26
5184, -1061, 1485, 147, 5056, -1945, -1325, 43
5200, -1522, 1903, 196, 5024, -2399, -1737, 73
5104, -2005, 2591, 126, 5008, -3171, -2281, 7
5168, -2624, 3525, 299, 4960, -4064, -2875, 182
5200, -3294, 4366, 325, 4928, -4950, -3582, 180
5200, -4089, 5305, 358, 4880, -5879, -4369, 236
5200, -4996, 6205, 456, 5008, -6794, -5270, 292
5168, -6052, 6956, 432, 4944, -7473, -6404, 281
5136, -7031, 7879, 431, 4960, -8484, -7293, 304
5168, -6479, 7823, 561, 4880, -8286, -5558, 370
5232, -943, 5470, 508, 4944, -5458, -363, 512
5184, 3087, 3507, 1393, 5072, -3859, 3119, 1335
5136, 3369, 3390, 1016, 4944, -3813, 3063, 743
5168, 1857, 3299, 127, 5008, -3644, 1426, -93
5232, 615, 2884, -103, 5008, -3204, 349, -188
5232, 576, 2583, 200, 4928, -3004, 491, 122
5184, 1091, 2757, 471, 4992, -3232, 1038, 391
5200, 1421, 3280, 696, 4992, -3801, 1305, 599
5184, 1542, 3886, 885, 4944, -4390, 1405, 778
5200, -1472, -2800, 360, 4944, -180, -692, 637
5184, -1051, -781, 630, 4896, -158, -1049, 586
5184, -970, -354, 747, 4944, -205, -1102, 648
5248, -864, -177, 790, 4928, -276, -992, 665
5200, -766, -180, 811, 4960, -247, -933, 698
5168, -758, -180, 833, 4992, -226, -908, 741
5184, -797, -170, 834, 5024, -240, -956, 701
5168, -874, -178, 642, 4928, -237, -1126, 515
5168, -1303, -203, 517, 4944, -231, -1531, 393
5136, -2267, 298, 422, 4944, -1157, -3152, 272
5200, -9651, -746, -630, 4960, 85, -11010, -980
5200, -1219, 15661, -2103, 4928, -1816, -1840, -1159
5200, 2280, -886, 584, 4928, 3096, -1570, -838
5232, 203, 1092, 781, 4880, -395, -103, 397
5184, -49, -51, 134, 4960, -418, -203, -37
5184, 64, -163, 62, 4928, -161, -183, -62
5184, 63, -173, -23, 4896, -249, -109, -150
5168, 125, -222, -189, 4896, -279, -96, -332
5232, 77, -201, -247, 4944, -227, -113, -358
5168, 77, -210, -250, 4928, -231, -138, -369
5232, 71, -206, -128, 4896, -229, -146, -189
5184, 78, -199, 101, 4992, -205, -80, -22
5184, 17, -128, 40, 5008, -251, -118, -26
5232, 51, -133, -2, 4928, -286, -168, -132
5184, 28, -118, -99, 5024, -275, -120, -169
5232, 61, -192, 49, 4848, -213, -109, -48
5168, 47, -139, 157, 5008, -256, -139, 82
5184, 74, -198, 177, 4992, -237, -108, 93
5280, 101, -279, 284, 4960, -137, -87, 137
5200, 55, -144, 86, 4944, -222, -135, -6
5200, 75, -222, 102, 5008, -223, -110, -13
5184, 69, -215, 77, 4928, -198, -96, 0
5232, 70, -212, 102, 5008, -223, -122, -2
5232, 63, -162, 109, 4944, -237, -131, -16
5232, 60, -191, 64, 4880, -258, -129, -66
5232, 69, -199, 45, 5008, -232, -111, -57
5200, 63, -204, 46, 4832, -236, -127, -59
5200, 66, -211, 42, 5024, -219, -113, -65
5136, 64, -209, 67, 4928, -206, -132, -69
5200, 90, -223, 76, 4880, -200, -93, -39
5184, 71, -238, 51, 4928, -183, -96, -54
5200, 62, -229, 85, 5008, -176, -83, -47
5184, 69, -269, 88, 4896, -181, -111, -41
5120, 52, -265, 85, 4896, -159, -80, -13
5120, 90, -273, 100, 4928, -159, -62, -66
5280, 48, -208, 53, 5008, -195, -102, -45
5168, 64, -241, 42, 4896, -213, -67, -49
5200, 65, -231, 50, 4896, -196, -89, -48
5200, 50, -204, 65, 4880, -201, -125, -53
5232, 87, -203, 55, 4944, -182, -113, -43
5168, 72, -193, 42, 5008, -210, -99, -52
5296, 8, 30, 24, 4960, -188, -142, -82
5168, 46, -45, 21, 4928, -398, -198, -77
5200, 72, -275, 60, 4944, -226, -132, -57
5200, 87, -232, 61, 5008, -187, -102, -50
5232, 39, -133, 43, 4944, -223, -109, -41
5200, 41, -174, 49, 4896, -255, -145, -72
5168, 60, -180, 40, 4944, -240, -168, -42
5136, 50, -203, 62, 4928, -215, -140, -59
5184, 69, -179, 31, 4960, -216, -118, -43
5200, 53, -174, 57, 4992, -250, -131, -62
5136, 54, -195, 49, 4944, -239, -115, -62
5232, 60, -163, 23, 4944, -234, -144, -65
5232, 37, -195, 46, 4960, -241, -140, -47
5200, 55, -164, 56, 4880, -248, -136, -48
5104, 64, -181, 51, 5008, -234, -151, -46
5104, 63, -167, 57, 5008, -224, -120, -64